{"cameraMode":{"drawMode":0,"name":"Shaded","section":"Shading Mode"},"sceneLighting":true,"audioPlay":false,"sceneViewState":{"m_AlwaysRefresh":false,"showFog":true,"showSkybox":true,"showFlares":true,"showImageEffects":true,"showParticleSystems":true,"showVisualEffectGraphs":true,"m_FxEnabled":true},"in2DMode":false,"pivot":{"x":-10.246761322021485,"y":2.3958725929260256,"z":11.500981330871582},"rotation":{"x":-0.09933048486709595,"y":0.8133957386016846,"z":-0.14575354754924775,"w":-0.5543259382247925},"size":17.658964157104493,"orthographic":false}